{"pascal_voc/mAP": 0.6576238870620728, "pascal_voc/AP50": 0.658, "data_time": 0.019711158965053772, "time": 1.3251477770736029}