{"pascal_voc/mAP": 0.49873989820480347, "pascal_voc/AP50": 0.499, "data_time": 0.015710792942077934, "time": 0.46471053487072084}