{"pascal_voc/mAP": 0.7564254999160767, "pascal_voc/AP50": 0.756, "data_time": 0.018157393558730216, "time": 1.3086639093852004}