{"pascal_voc/mAP": 0.5312236547470093, "pascal_voc/AP50": 0.531, "data_time": 0.015458171702740843, "time": 0.46472791785762463}