{
  "{'activation': 'tanh', 'batch_size': 128, 'hidden_size': 128, 'learning_rate': 1e-05, 'num_epochs': 10, 'reg_lambda': 0.001}": {
    "train_accuracy": [
      0.09025793650793651,
      0.09214285714285714,
      0.09422619047619048,
      0.09623015873015874,
      0.09819444444444445,
      0.10075396825396825,
      0.10265873015873016,
      0.10521825396825397,
      0.10771825396825396,
      0.11001984126984127
    ],
    "val_accuracy": [
      0.08392857142857142,
      0.08571428571428572,
      0.08785714285714286,
      0.08875,
      0.09071428571428572,
      0.0925,
      0.095,
      0.09642857142857143,
      0.09928571428571428,
      0.10196428571428572
    ]
  }
}