{"pascal_voc/mAP": 0.6713598370552063, "pascal_voc/AP50": 0.671, "data_time": 0.018681261574124287, "time": 1.2902673195945233}