{"labels": [5, 6, 6, 13, 3, 5], "scores": [0.9417737126350403, 0.6580553650856018, 0.24253061413764954, 0.026501376181840897, 0.020799417048692703, 0.009559061378240585], "bboxes": [[37.537662506103516, 130.24876403808594, 358.7588806152344, 428.0314025878906], [345.09503173828125, 291.1479797363281, 422.9229736328125, 357.1703796386719], [455.5232849121094, 263.04559326171875, 519.2741088867188, 314.784423828125], [455.5232849121094, 263.04559326171875, 519.2741088867188, 314.784423828125], [455.5232849121094, 263.04559326171875, 519.2741088867188, 314.784423828125], [350.1737365722656, 286.3488464355469, 424.83831787109375, 345.6002502441406]]}