{"labels": [1, 0], "scores": [0.2719159722328186, 0.00917266309261322], "bboxes": [[213.010498046875, 243.32395935058594, 1426.0126953125, 990.9384155273438], [43.686363220214844, 184.8876953125, 1207.1678466796875, 928.6434326171875]]}