{"labels": [17, 14, 15, 15, 14], "scores": [0.9958808422088623, 0.012303957715630531, 0.010166390798985958, 0.0068724737502634525, 0.0006648267735727131], "bboxes": [[80.86273193359375, 241.57139587402344, 441.3223571777344, 390.0541687011719], [41.446048736572266, 141.1894073486328, 470.76495361328125, 376.6816101074219], [130.37936401367188, 84.8466796875, 268.69110107421875, 248.77987670898438], [150.6807861328125, 129.49501037597656, 211.1809539794922, 240.1974639892578], [150.6807861328125, 129.49501037597656, 211.1809539794922, 240.1974639892578]]}