{"pascal_voc/mAP": 0.4850958287715912, "pascal_voc/AP50": 0.485, "data_time": 0.018360251178649013, "time": 0.8263980213775388}