{"pascal_voc/mAP": 0.5205196738243103, "pascal_voc/AP50": 0.521, "data_time": 0.0197165524632172, "time": 1.3255467125980458}