{"pascal_voc/mAP": 0.6772846579551697, "pascal_voc/AP50": 0.677, "data_time": 0.019316262305264325, "time": 1.2881546263163233}