{"labels": [1], "scores": [0.9981003403663635], "bboxes": [[33.75939178466797, 253.01661682128906, 1406.6043701171875, 1014.0382690429688]]}