{"labels": [5, 5, 5, 5, 5, 18], "scores": [0.9991937279701233, 0.9548709392547607, 0.5190206170082092, 0.39260581135749817, 0.10930359363555908, 0.054613593965768814], "bboxes": [[41.624267578125, 146.3179931640625, 351.5263366699219, 400.05462646484375], [309.82080078125, 202.5850372314453, 506.04595947265625, 330.40240478515625], [409.19976806640625, 212.19338989257812, 513.1309204101562, 320.66064453125], [155.9085235595703, 172.07302856445312, 504.7747497558594, 363.78271484375], [329.4480895996094, 236.12876892089844, 434.5943603515625, 340.2419738769531], [29.688507080078125, 139.41598510742188, 486.9429626464844, 407.66497802734375]]}