{"labels": [17, 10, 8, 8, 17, 10, 8, 10, 15, 8], "scores": [0.9950343370437622, 0.34825262427330017, 0.3160730004310608, 0.20893757045269012, 0.1761169284582138, 0.09599098563194275, 0.09204964339733124, 0.0886523649096489, 0.07663966715335846, 0.05341694876551628], "bboxes": [[76.6250228881836, 228.35377502441406, 482.07208251953125, 411.0006408691406], [17.931848526000977, 317.7197570800781, 253.22140502929688, 436.8424987792969], [3.2588131427764893, 208.48291015625, 57.394744873046875, 450.2449951171875], [21.586719512939453, 273.00286865234375, 95.95173645019531, 434.0997619628906], [84.68307495117188, 236.48939514160156, 378.0517883300781, 358.46112060546875], [12.141519546508789, 303.77178955078125, 137.18247985839844, 442.49102783203125], [80.87337493896484, 143.45579528808594, 481.68701171875, 440.7940368652344], [0.0, 279.62353515625, 457.0466003417969, 488.7247619628906], [134.64898681640625, 112.86669158935547, 212.13670349121094, 241.65371704101562], [141.5047149658203, 241.67300415039062, 491.4109802246094, 415.6102600097656]]}