{"pascal_voc/mAP": 0.5046141743659973, "pascal_voc/AP50": 0.505, "data_time": 0.01625825284178307, "time": 0.6312256660523052}