{"pascal_voc/mAP": 0.483079731464386, "pascal_voc/AP50": 0.483, "data_time": 0.01715270883624889, "time": 0.8219929804516917}