{"pascal_voc/mAP": 0.5191071629524231, "pascal_voc/AP50": 0.519, "data_time": 0.016451089563200277, "time": 0.468894732017702}