{"labels": [8, 8, 8, 8, 10, 19], "scores": [0.9998486042022705, 0.995421826839447, 0.994986891746521, 0.09617418050765991, 0.062000781297683716, 0.060723066329956055], "bboxes": [[252.70584106445312, 206.0421905517578, 313.1240539550781, 312.28961181640625], [172.86033630371094, 260.86016845703125, 240.06492614746094, 371.3202209472656], [3.9609432220458984, 238.02981567382812, 69.90022277832031, 375.0], [261.13934326171875, 206.5084686279297, 317.620849609375, 259.69915771484375], [247.9252471923828, 200.89852905273438, 361.61346435546875, 331.88714599609375], [356.9347839355469, 202.08291625976562, 478.474853515625, 360.220703125]]}