{"labels": [14, 5, 13, 1, 1, 18, 6, 13, 14, 14, 14, 14], "scores": [0.9961502552032471, 0.8296969532966614, 0.5574865341186523, 0.40136685967445374, 0.31550127267837524, 0.22650963068008423, 0.1940852701663971, 0.13643740117549896, 0.12551839649677277, 0.09992358833551407, 0.06448496133089066, 0.05484578385949135], "bboxes": [[155.4420623779297, 117.46855163574219, 300.7215881347656, 465.0126953125], [36.00575637817383, 4.0737152099609375, 488.5977478027344, 448.3411560058594], [120.28192901611328, 210.7611846923828, 458.8118896484375, 471.80316162109375], [123.31593322753906, 224.72950744628906, 449.1556701660156, 476.5526123046875], [115.95987701416016, 306.8348388671875, 287.80859375, 465.83343505859375], [0.4534912109375, 4.589691162109375, 497.80389404296875, 471.7124938964844], [54.132843017578125, 73.37309265136719, 492.8120422363281, 461.6846618652344], [123.72972869873047, 267.38226318359375, 309.70806884765625, 474.0177917480469], [138.82630920410156, 75.65943145751953, 414.24542236328125, 475.82977294921875], [215.85206604003906, 125.54016876220703, 315.7839050292969, 399.6225280761719], [69.7489013671875, 91.63288879394531, 327.97052001953125, 420.0289306640625], [253.66868591308594, 165.80105590820312, 320.74017333984375, 377.6723937988281]]}