{"labels": [11], "scores": [0.9975178241729736], "bboxes": [[174.064453125, 45.98815155029297, 323.4329528808594, 351.960205078125]]}