{"labels": [14, 14, 8, 8, 8, 8], "scores": [0.9963255524635315, 0.35298964381217957, 0.08864185214042664, 0.08504047989845276, 0.06395294517278671, 0.057971734553575516], "bboxes": [[109.21309661865234, 0.0, 276.4962463378906, 500.0], [123.56330871582031, 119.22811889648438, 229.90264892578125, 487.9542541503906], [39.947776794433594, 156.43064880371094, 84.65737915039062, 309.5361022949219], [1.6449403762817383, 190.16973876953125, 39.823097229003906, 268.7989196777344], [5.1270318031311035, 168.09799194335938, 75.76417541503906, 408.1315612792969], [46.62399673461914, 202.56707763671875, 83.04641723632812, 274.1595153808594]]}