{"labels": [9, 9, 9, 16, 9, 9], "scores": [0.9833164811134338, 0.9814551472663879, 0.13697996735572815, 0.11052011698484421, 0.10038290917873383, 0.06996671110391617], "bboxes": [[160.33323669433594, 32.785892486572266, 500.0, 366.4547119140625], [136.71804809570312, 186.29336547851562, 401.8544006347656, 374.1787414550781], [290.86297607421875, 163.5369110107422, 454.59893798828125, 366.1204833984375], [144.35072326660156, 195.46958923339844, 393.03009033203125, 375.0], [169.21188354492188, 23.219404220581055, 453.421875, 229.56622314453125], [333.24212646484375, 181.97027587890625, 398.3721923828125, 365.9693908691406]]}