{"pascal_voc/mAP": 0.7593855857849121, "pascal_voc/AP50": 0.759, "data_time": 0.017951549351311654, "time": 1.3024424975060878}