{"pascal_voc/mAP": 0.5152052640914917, "pascal_voc/AP50": 0.515, "data_time": 0.01580344802535986, "time": 0.46545821476444865}